name,pro,flag
/dataset-disk/tb_dataset/tf2k_lr/social/facebook/seasons/autumn-TM01/Real/FFHQ/00103.jpg, -1.04330313205719, 0.0
/dataset-disk/tb_dataset/tf2k_lr/social/facebook/seasons/autumn-TM01/Real/FFHQ/00130.jpg, -0.14648236334323883, 0.0
/dataset-disk/tb_dataset/tf2k_lr/social/facebook/seasons/autumn-TM01/Real/FFHQ/00161.jpg, -0.8562170267105103, 0.0
/dataset-disk/tb_dataset/tf2k_lr/social/facebook/seasons/autumn-TM01/Real/FFHQ/00219.jpg, -0.33921489119529724, 0.0
/dataset-disk/tb_dataset/tf2k_lr/social/facebook/seasons/autumn-TM01/Real/FFHQ/00448.jpg, -0.8225805163383484, 0.0
/dataset-disk/tb_dataset/tf2k_lr/social/facebook/seasons/autumn-TM01/Real/FFHQ/00548.jpg, -0.1278209537267685, 0.0
/dataset-disk/tb_dataset/tf2k_lr/social/facebook/seasons/autumn-TM01/Real/FFHQ/00740.jpg, -0.2698920667171478, 0.0
/dataset-disk/tb_dataset/tf2k_lr/social/facebook/seasons/autumn-TM01/Real/FFHQ/00804.jpg, -0.41239118576049805, 0.0
/dataset-disk/tb_dataset/tf2k_lr/social/facebook/seasons/autumn-TM01/Real/FFHQ/00986.jpg, -1.1698448657989502, 0.0
/dataset-disk/tb_dataset/tf2k_lr/social/facebook/seasons/autumn-TM01/Real/FFHQ/01009.jpg, -0.8467134833335876, 0.0
/dataset-disk/tb_dataset/tf2k_lr/social/facebook/seasons/autumn-TM01/Real/FFHQ/01097.jpg, -0.9291507601737976, 0.0
/dataset-disk/tb_dataset/tf2k_lr/social/facebook/seasons/autumn-TM01/Real/FFHQ/01109.jpg, -0.9368085861206055, 0.0
/dataset-disk/tb_dataset/tf2k_lr/social/facebook/seasons/autumn-TM01/Real/FFHQ/01233.jpg, -0.4516592025756836, 0.0
/dataset-disk/tb_dataset/tf2k_lr/social/facebook/seasons/autumn-TM01/Real/FFHQ/01269.jpg, -0.8742081522941589, 0.0
/dataset-disk/tb_dataset/tf2k_lr/social/facebook/seasons/autumn-TM01/Real/FFHQ/01403.jpg, -1.037651777267456, 0.0
/dataset-disk/tb_dataset/tf2k_lr/social/facebook/seasons/autumn-TM01/Real/FFHQ/01413.jpg, -0.754193902015686, 0.0
/dataset-disk/tb_dataset/tf2k_lr/social/facebook/seasons/autumn-TM01/Real/FFHQ/01436.jpg, -1.7621920108795166, 0.0
/dataset-disk/tb_dataset/tf2k_lr/social/facebook/seasons/autumn-TM01/Real/FFHQ/01446.jpg, -0.7511044144630432, 0.0
/dataset-disk/tb_dataset/tf2k_lr/social/facebook/seasons/autumn-TM01/Real/FFHQ/01520.jpg, -1.3489192724227905, 0.0
/dataset-disk/tb_dataset/tf2k_lr/social/facebook/seasons/autumn-TM01/Real/FFHQ/01819.jpg, -0.6812528371810913, 0.0
/dataset-disk/tb_dataset/tf2k_lr/social/facebook/seasons/autumn-TM01/Real/FFHQ/01994.jpg, -0.26285699009895325, 0.0
/dataset-disk/tb_dataset/tf2k_lr/social/facebook/seasons/autumn-TM01/Real/FFHQ/02038.jpg, -0.6200904846191406, 0.0
/dataset-disk/tb_dataset/tf2k_lr/social/facebook/seasons/autumn-TM01/Real/FFHQ/02087.jpg, -0.8496644496917725, 0.0
/dataset-disk/tb_dataset/tf2k_lr/social/facebook/seasons/autumn-TM01/Real/FFHQ/02110.jpg, -1.064594030380249, 0.0
/dataset-disk/tb_dataset/tf2k_lr/social/facebook/seasons/autumn-TM01/Real/FFHQ/02121.jpg, -1.2746117115020752, 0.0
/dataset-disk/tb_dataset/tf2k_lr/social/facebook/seasons/autumn-TM01/Real/FFHQ/02226.jpg, -0.7009437084197998, 0.0
/dataset-disk/tb_dataset/tf2k_lr/social/facebook/seasons/autumn-TM01/Real/FFHQ/02419.jpg, -0.46365606784820557, 0.0
/dataset-disk/tb_dataset/tf2k_lr/social/facebook/seasons/autumn-TM01/Real/FFHQ/02602.jpg, -0.5450267791748047, 0.0
/dataset-disk/tb_dataset/tf2k_lr/social/facebook/seasons/autumn-TM01/Real/FFHQ/02604.jpg, -1.0342837572097778, 0.0
/dataset-disk/tb_dataset/tf2k_lr/social/facebook/seasons/autumn-TM01/Real/FFHQ/02701.jpg, -0.528281569480896, 0.0
/dataset-disk/tb_dataset/tf2k_lr/social/facebook/seasons/autumn-TM01/Real/FFHQ/02839.jpg, -0.17881794273853302, 0.0
/dataset-disk/tb_dataset/tf2k_lr/social/facebook/seasons/autumn-TM01/Real/FFHQ/02846.jpg, -0.14810504019260406, 0.0
/dataset-disk/tb_dataset/tf2k_lr/social/facebook/seasons/autumn-TM01/Real/FFHQ/02851.jpg, -1.54843270778656, 0.0
/dataset-disk/tb_dataset/tf2k_lr/social/facebook/seasons/autumn-TM01/Real/FFHQ/02876.jpg, -0.45069852471351624, 0.0
/dataset-disk/tb_dataset/tf2k_lr/social/facebook/seasons/autumn-TM01/Real/FFHQ/02878.jpg, -1.1573870182037354, 0.0
/dataset-disk/tb_dataset/tf2k_lr/social/facebook/seasons/autumn-TM01/Real/FFHQ/03142.jpg, 0.09064105898141861, 0.0
/dataset-disk/tb_dataset/tf2k_lr/social/facebook/seasons/autumn-TM01/Real/FFHQ/03158.jpg, -0.6625052690505981, 0.0
/dataset-disk/tb_dataset/tf2k_lr/social/facebook/seasons/autumn-TM01/Real/FFHQ/03368.jpg, -0.28670617938041687, 0.0
/dataset-disk/tb_dataset/tf2k_lr/social/facebook/seasons/autumn-TM01/Real/FFHQ/03516.jpg, -0.6633201837539673, 0.0
/dataset-disk/tb_dataset/tf2k_lr/social/facebook/seasons/autumn-TM01/Real/FFHQ/03559.jpg, -0.8766229152679443, 0.0
/dataset-disk/tb_dataset/tf2k_lr/social/facebook/seasons/autumn-TM01/Real/FFHQ/03621.jpg, -1.1017361879348755, 0.0
/dataset-disk/tb_dataset/tf2k_lr/social/facebook/seasons/autumn-TM01/Real/FFHQ/03689.jpg, -0.48885172605514526, 0.0
/dataset-disk/tb_dataset/tf2k_lr/social/facebook/seasons/autumn-TM01/Real/FFHQ/04063.jpg, -0.9214727282524109, 0.0
/dataset-disk/tb_dataset/tf2k_lr/social/facebook/seasons/autumn-TM01/Real/FFHQ/04127.jpg, -0.4884054660797119, 0.0
/dataset-disk/tb_dataset/tf2k_lr/social/facebook/seasons/autumn-TM01/Real/FFHQ/04146.jpg, -0.05209020525217056, 0.0
/dataset-disk/tb_dataset/tf2k_lr/social/facebook/seasons/autumn-TM01/Real/FFHQ/04341.jpg, -0.9123697280883789, 0.0
/dataset-disk/tb_dataset/tf2k_lr/social/facebook/seasons/autumn-TM01/Real/FFHQ/04352.jpg, -0.8795177936553955, 0.0
/dataset-disk/tb_dataset/tf2k_lr/social/facebook/seasons/autumn-TM01/Real/FFHQ/04390.jpg, -0.27692583203315735, 0.0
/dataset-disk/tb_dataset/tf2k_lr/social/facebook/seasons/autumn-TM01/Real/FFHQ/04532.jpg, -0.7921243906021118, 0.0
/dataset-disk/tb_dataset/tf2k_lr/social/facebook/seasons/autumn-TM01/Real/FFHQ/04601.jpg, -1.1833091974258423, 0.0
/dataset-disk/tb_dataset/tf2k_lr/social/facebook/seasons/autumn-TM01/Real/FFHQ/04634.jpg, -0.5574362874031067, 0.0
/dataset-disk/tb_dataset/tf2k_lr/social/facebook/seasons/autumn-TM01/Real/FFHQ/04701.jpg, -0.7605258226394653, 0.0
/dataset-disk/tb_dataset/tf2k_lr/social/facebook/seasons/autumn-TM01/Real/FFHQ/04724.jpg, -0.9493554830551147, 0.0
/dataset-disk/tb_dataset/tf2k_lr/social/facebook/seasons/autumn-TM01/Real/FFHQ/04800.jpg, -0.4343639016151428, 0.0
/dataset-disk/tb_dataset/tf2k_lr/social/facebook/seasons/autumn-TM01/Real/FFHQ/04819.jpg, -0.13267458975315094, 0.0
/dataset-disk/tb_dataset/tf2k_lr/social/facebook/seasons/autumn-TM01/Real/FFHQ/04916.jpg, -0.7550542950630188, 0.0
/dataset-disk/tb_dataset/tf2k_lr/social/facebook/seasons/autumn-TM01/Real/FFHQ/04959.jpg, -1.0083189010620117, 0.0
/dataset-disk/tb_dataset/tf2k_lr/social/facebook/seasons/autumn-TM01/Real/FFHQ/05127.jpg, -1.065700650215149, 0.0
/dataset-disk/tb_dataset/tf2k_lr/social/facebook/seasons/autumn-TM01/Real/FFHQ/05614.jpg, -1.4544399976730347, 0.0
/dataset-disk/tb_dataset/tf2k_lr/social/facebook/seasons/autumn-TM01/Real/FFHQ/05640.jpg, -0.2517303228378296, 0.0
/dataset-disk/tb_dataset/tf2k_lr/social/facebook/seasons/autumn-TM01/Real/FFHQ/05704.jpg, -0.9174062013626099, 0.0
/dataset-disk/tb_dataset/tf2k_lr/social/facebook/seasons/autumn-TM01/Real/FFHQ/05751.jpg, -0.9459084868431091, 0.0
/dataset-disk/tb_dataset/tf2k_lr/social/facebook/seasons/autumn-TM01/Real/FFHQ/05881.jpg, -0.09652868658304214, 0.0
/dataset-disk/tb_dataset/tf2k_lr/social/facebook/seasons/autumn-TM01/Real/FFHQ/05926.jpg, -0.8297137022018433, 0.0
/dataset-disk/tb_dataset/tf2k_lr/social/facebook/seasons/autumn-TM01/Real/FFHQ/05939.jpg, -0.3984462022781372, 0.0
/dataset-disk/tb_dataset/tf2k_lr/social/facebook/seasons/autumn-TM01/Real/FFHQ/06218.jpg, -0.7909306883811951, 0.0
/dataset-disk/tb_dataset/tf2k_lr/social/facebook/seasons/autumn-TM01/Real/FFHQ/06275.jpg, -0.4148445725440979, 0.0
/dataset-disk/tb_dataset/tf2k_lr/social/facebook/seasons/autumn-TM01/Real/FFHQ/06428.jpg, -0.2943792939186096, 0.0
/dataset-disk/tb_dataset/tf2k_lr/social/facebook/seasons/autumn-TM01/Real/FFHQ/06491.jpg, -1.1265370845794678, 0.0
/dataset-disk/tb_dataset/tf2k_lr/social/facebook/seasons/autumn-TM01/Real/FFHQ/06666.jpg, -1.0575300455093384, 0.0
/dataset-disk/tb_dataset/tf2k_lr/social/facebook/seasons/autumn-TM01/Real/FFHQ/06667.jpg, -0.6645954847335815, 0.0
/dataset-disk/tb_dataset/tf2k_lr/social/facebook/seasons/autumn-TM01/Real/FFHQ/06950.jpg, -0.1901358962059021, 0.0
/dataset-disk/tb_dataset/tf2k_lr/social/facebook/seasons/autumn-TM01/Real/FFHQ/07026.jpg, -1.2108290195465088, 0.0
/dataset-disk/tb_dataset/tf2k_lr/social/facebook/seasons/autumn-TM01/Real/FFHQ/07328.jpg, -0.34460264444351196, 0.0
/dataset-disk/tb_dataset/tf2k_lr/social/facebook/seasons/autumn-TM01/Real/FFHQ/07379.jpg, -0.45052093267440796, 0.0
/dataset-disk/tb_dataset/tf2k_lr/social/facebook/seasons/autumn-TM01/Real/FFHQ/07665.jpg, -1.1058224439620972, 0.0
/dataset-disk/tb_dataset/tf2k_lr/social/facebook/seasons/autumn-TM01/Real/FFHQ/07928.jpg, -0.36191558837890625, 0.0
/dataset-disk/tb_dataset/tf2k_lr/social/facebook/seasons/autumn-TM01/Real/FFHQ/07957.jpg, -0.9458448886871338, 0.0
/dataset-disk/tb_dataset/tf2k_lr/social/facebook/seasons/autumn-TM01/Real/FFHQ/07979.jpg, 0.4211740493774414, 0.0
/dataset-disk/tb_dataset/tf2k_lr/social/facebook/seasons/autumn-TM01/Real/FFHQ/08108.jpg, 0.08370090276002884, 0.0
/dataset-disk/tb_dataset/tf2k_lr/social/facebook/seasons/autumn-TM01/Real/FFHQ/08189.jpg, -0.33037930727005005, 0.0
/dataset-disk/tb_dataset/tf2k_lr/social/facebook/seasons/autumn-TM01/Real/FFHQ/08276.jpg, -1.1364744901657104, 0.0
/dataset-disk/tb_dataset/tf2k_lr/social/facebook/seasons/autumn-TM01/Real/FFHQ/08409.jpg, -0.19660840928554535, 0.0
/dataset-disk/tb_dataset/tf2k_lr/social/facebook/seasons/autumn-TM01/Real/FFHQ/08603.jpg, -0.7558075785636902, 0.0
/dataset-disk/tb_dataset/tf2k_lr/social/facebook/seasons/autumn-TM01/Real/FFHQ/08808.jpg, -0.33677542209625244, 0.0
/dataset-disk/tb_dataset/tf2k_lr/social/facebook/seasons/autumn-TM01/Real/FFHQ/08864.jpg, -1.581470012664795, 0.0
/dataset-disk/tb_dataset/tf2k_lr/social/facebook/seasons/autumn-TM01/Real/FFHQ/08871.jpg, -1.550467610359192, 0.0
/dataset-disk/tb_dataset/tf2k_lr/social/facebook/seasons/autumn-TM01/Real/FFHQ/08925.jpg, -0.7996420860290527, 0.0
/dataset-disk/tb_dataset/tf2k_lr/social/facebook/seasons/autumn-TM01/Real/FFHQ/08976.jpg, -0.15054260194301605, 0.0
/dataset-disk/tb_dataset/tf2k_lr/social/facebook/seasons/autumn-TM01/Real/FFHQ/09033.jpg, -0.9169470071792603, 0.0
/dataset-disk/tb_dataset/tf2k_lr/social/facebook/seasons/autumn-TM01/Real/FFHQ/09072.jpg, -1.3286100625991821, 0.0
/dataset-disk/tb_dataset/tf2k_lr/social/facebook/seasons/autumn-TM01/Real/FFHQ/09181.jpg, -0.9712570309638977, 0.0
/dataset-disk/tb_dataset/tf2k_lr/social/facebook/seasons/autumn-TM01/Real/FFHQ/09198.jpg, -0.1565873771905899, 0.0
/dataset-disk/tb_dataset/tf2k_lr/social/facebook/seasons/autumn-TM01/Real/FFHQ/09350.jpg, -0.4560883641242981, 0.0
/dataset-disk/tb_dataset/tf2k_lr/social/facebook/seasons/autumn-TM01/Real/FFHQ/09466.jpg, -0.9000370502471924, 0.0
/dataset-disk/tb_dataset/tf2k_lr/social/facebook/seasons/autumn-TM01/Real/FFHQ/09535.jpg, -0.41228005290031433, 0.0
/dataset-disk/tb_dataset/tf2k_lr/social/facebook/seasons/autumn-TM01/Real/FFHQ/09684.jpg, -0.8427730202674866, 0.0
/dataset-disk/tb_dataset/tf2k_lr/social/facebook/seasons/autumn-TM01/Real/FFHQ/09760.jpg, -0.4266055226325989, 0.0
/dataset-disk/tb_dataset/tf2k_lr/social/facebook/seasons/autumn-TM01/Real/FFHQ/09947.jpg, -0.7323086261749268, 0.0
/dataset-disk/tb_dataset/tf2k_lr/social/facebook/seasons/autumn-TM01/Real/FFHQ/09961.jpg, 0.4466268718242645, 0.0
/dataset-disk/tb_dataset/tf2k_lr/social/facebook/seasons/autumn-TM01/Real/FORLAB/00063.jpg, -0.7087542414665222, 0.0
/dataset-disk/tb_dataset/tf2k_lr/social/facebook/seasons/autumn-TM01/Real/FORLAB/00216.jpg, -0.1785518079996109, 0.0
/dataset-disk/tb_dataset/tf2k_lr/social/facebook/seasons/autumn-TM01/Real/FORLAB/00303.jpg, -0.4246371388435364, 0.0
/dataset-disk/tb_dataset/tf2k_lr/social/facebook/seasons/autumn-TM01/Real/FORLAB/00317.jpg, -1.7848104238510132, 0.0
/dataset-disk/tb_dataset/tf2k_lr/social/facebook/seasons/autumn-TM01/Real/FORLAB/00367.jpg, -0.3184019923210144, 0.0
/dataset-disk/tb_dataset/tf2k_lr/social/facebook/seasons/autumn-TM01/Real/FORLAB/00393.jpg, 1.8463925123214722, 0.0
/dataset-disk/tb_dataset/tf2k_lr/social/facebook/seasons/autumn-TM01/Real/FORLAB/00559.jpg, -1.261768102645874, 0.0
/dataset-disk/tb_dataset/tf2k_lr/social/facebook/seasons/autumn-TM01/Real/FORLAB/00729.jpg, -0.6474145650863647, 0.0
/dataset-disk/tb_dataset/tf2k_lr/social/facebook/seasons/autumn-TM01/Real/FORLAB/00958.jpg, -3.2258262634277344, 0.0
/dataset-disk/tb_dataset/tf2k_lr/social/facebook/seasons/autumn-TM01/Real/FORLAB/01319.jpg, -0.3278230130672455, 0.0
/dataset-disk/tb_dataset/tf2k_lr/social/facebook/seasons/autumn-TM01/Real/FORLAB/01436.jpg, -0.9612759351730347, 0.0
/dataset-disk/tb_dataset/tf2k_lr/social/facebook/seasons/autumn-TM01/Real/FORLAB/01455.jpg, -1.6067792177200317, 0.0
/dataset-disk/tb_dataset/tf2k_lr/social/facebook/seasons/autumn-TM01/Real/FORLAB/01465.jpg, 1.7731467485427856, 0.0
/dataset-disk/tb_dataset/tf2k_lr/social/facebook/seasons/autumn-TM01/Real/FORLAB/01505.jpg, -0.27978503704071045, 0.0
/dataset-disk/tb_dataset/tf2k_lr/social/facebook/seasons/autumn-TM01/Real/FORLAB/01539.jpg, 1.1440761089324951, 0.0
/dataset-disk/tb_dataset/tf2k_lr/social/facebook/seasons/autumn-TM01/Real/FORLAB/01623.jpg, -1.0375864505767822, 0.0
/dataset-disk/tb_dataset/tf2k_lr/social/facebook/seasons/autumn-TM01/Real/FORLAB/01628.jpg, -0.700812816619873, 0.0
/dataset-disk/tb_dataset/tf2k_lr/social/facebook/seasons/autumn-TM01/Real/FORLAB/01722.jpg, -0.23055578768253326, 0.0
/dataset-disk/tb_dataset/tf2k_lr/social/facebook/seasons/autumn-TM01/Real/FORLAB/01746.jpg, -0.9268132448196411, 0.0
/dataset-disk/tb_dataset/tf2k_lr/social/facebook/seasons/autumn-TM01/Real/FORLAB/01840.jpg, -1.2933954000473022, 0.0
/dataset-disk/tb_dataset/tf2k_lr/social/facebook/seasons/autumn-TM01/Real/FORLAB/01879.jpg, -0.7098469734191895, 0.0
/dataset-disk/tb_dataset/tf2k_lr/social/facebook/seasons/autumn-TM01/Real/FORLAB/01897.jpg, -1.3166532516479492, 0.0
/dataset-disk/tb_dataset/tf2k_lr/social/facebook/seasons/autumn-TM01/Real/FORLAB/02023.jpg, -0.23238684237003326, 0.0
/dataset-disk/tb_dataset/tf2k_lr/social/facebook/seasons/autumn-TM01/Real/FORLAB/02296.jpg, -1.2878501415252686, 0.0
/dataset-disk/tb_dataset/tf2k_lr/social/facebook/seasons/autumn-TM01/Real/FORLAB/02533.jpg, 0.3117121458053589, 0.0
/dataset-disk/tb_dataset/tf2k_lr/social/facebook/seasons/autumn-TM01/Real/FORLAB/02540.jpg, 0.6836222410202026, 0.0
/dataset-disk/tb_dataset/tf2k_lr/social/facebook/seasons/autumn-TM01/Real/FORLAB/02634.jpg, -0.3145847022533417, 0.0
/dataset-disk/tb_dataset/tf2k_lr/social/facebook/seasons/autumn-TM01/Real/FORLAB/02871.jpg, -1.4899821281433105, 0.0
/dataset-disk/tb_dataset/tf2k_lr/social/facebook/seasons/autumn-TM01/Real/FORLAB/02885.jpg, -0.07369726151227951, 0.0
/dataset-disk/tb_dataset/tf2k_lr/social/facebook/seasons/autumn-TM01/Real/FORLAB/03071.jpg, -0.43583595752716064, 0.0
/dataset-disk/tb_dataset/tf2k_lr/social/facebook/seasons/autumn-TM01/Real/FORLAB/03079.jpg, -0.184721440076828, 0.0
/dataset-disk/tb_dataset/tf2k_lr/social/facebook/seasons/autumn-TM01/Real/FORLAB/03129.jpg, -1.733733892440796, 0.0
/dataset-disk/tb_dataset/tf2k_lr/social/facebook/seasons/autumn-TM01/Real/FORLAB/03149.jpg, 1.0484843254089355, 0.0
/dataset-disk/tb_dataset/tf2k_lr/social/facebook/seasons/autumn-TM01/Real/FORLAB/03157.jpg, -1.9641016721725464, 0.0
/dataset-disk/tb_dataset/tf2k_lr/social/facebook/seasons/autumn-TM01/Real/FORLAB/03215.jpg, 0.5412999391555786, 0.0
/dataset-disk/tb_dataset/tf2k_lr/social/facebook/seasons/autumn-TM01/Real/FORLAB/03285.jpg, -1.4497777223587036, 0.0
/dataset-disk/tb_dataset/tf2k_lr/social/facebook/seasons/autumn-TM01/Real/FORLAB/03874.jpg, 0.4201505482196808, 0.0
/dataset-disk/tb_dataset/tf2k_lr/social/facebook/seasons/autumn-TM01/Real/FORLAB/03898.jpg, -1.2003629207611084, 0.0
/dataset-disk/tb_dataset/tf2k_lr/social/facebook/seasons/autumn-TM01/Real/FORLAB/03902.jpg, 0.29533684253692627, 0.0
/dataset-disk/tb_dataset/tf2k_lr/social/facebook/seasons/autumn-TM01/Real/FORLAB/04021.jpg, -0.39507195353507996, 0.0
/dataset-disk/tb_dataset/tf2k_lr/social/facebook/seasons/autumn-TM01/Real/FORLAB/04359.jpg, -0.9356127381324768, 0.0
/dataset-disk/tb_dataset/tf2k_lr/social/facebook/seasons/autumn-TM01/Real/FORLAB/04530.jpg, -0.9262597560882568, 0.0
/dataset-disk/tb_dataset/tf2k_lr/social/facebook/seasons/autumn-TM01/Real/FORLAB/04644.jpg, -0.9103205800056458, 0.0
/dataset-disk/tb_dataset/tf2k_lr/social/facebook/seasons/autumn-TM01/Real/FORLAB/04676.jpg, 1.5978275537490845, 0.0
/dataset-disk/tb_dataset/tf2k_lr/social/facebook/seasons/autumn-TM01/Real/FORLAB/04727.jpg, -3.742371082305908, 0.0
/dataset-disk/tb_dataset/tf2k_lr/social/facebook/seasons/autumn-TM01/Real/FORLAB/04817.jpg, -0.36247768998146057, 0.0
/dataset-disk/tb_dataset/tf2k_lr/social/facebook/seasons/autumn-TM01/Real/FORLAB/04842.jpg, 0.24661396443843842, 0.0
/dataset-disk/tb_dataset/tf2k_lr/social/facebook/seasons/autumn-TM01/Real/FORLAB/04942.jpg, -0.5303444266319275, 0.0
/dataset-disk/tb_dataset/tf2k_lr/social/facebook/seasons/autumn-TM01/Real/FORLAB/04994.jpg, -0.8773542046546936, 0.0
/dataset-disk/tb_dataset/tf2k_lr/social/facebook/seasons/autumn-TM01/Real/FORLAB/05000.jpg, 0.014367884024977684, 0.0
/dataset-disk/tb_dataset/tf2k_lr/social/facebook/seasons/autumn-TM01/Real/FORLAB/05270.jpg, -0.030947832390666008, 0.0
/dataset-disk/tb_dataset/tf2k_lr/social/facebook/seasons/autumn-TM01/Real/FORLAB/05374.jpg, -0.8261810541152954, 0.0
/dataset-disk/tb_dataset/tf2k_lr/social/facebook/seasons/autumn-TM01/Real/FORLAB/05447.jpg, -0.9758813381195068, 0.0
/dataset-disk/tb_dataset/tf2k_lr/social/facebook/seasons/autumn-TM01/Real/FORLAB/05688.jpg, -0.5708053112030029, 0.0
/dataset-disk/tb_dataset/tf2k_lr/social/facebook/seasons/autumn-TM01/Real/FORLAB/05795.jpg, -1.0154716968536377, 0.0
/dataset-disk/tb_dataset/tf2k_lr/social/facebook/seasons/autumn-TM01/Real/FORLAB/05815.jpg, -1.4954404830932617, 0.0
/dataset-disk/tb_dataset/tf2k_lr/social/facebook/seasons/autumn-TM01/Real/FORLAB/05882.jpg, -0.9647182822227478, 0.0
/dataset-disk/tb_dataset/tf2k_lr/social/facebook/seasons/autumn-TM01/Real/FORLAB/05950.jpg, -0.9482553005218506, 0.0
/dataset-disk/tb_dataset/tf2k_lr/social/facebook/seasons/autumn-TM01/Real/FORLAB/06028.jpg, 0.26410409808158875, 0.0
/dataset-disk/tb_dataset/tf2k_lr/social/facebook/seasons/autumn-TM01/Real/FORLAB/06081.jpg, 0.6809543371200562, 0.0
/dataset-disk/tb_dataset/tf2k_lr/social/facebook/seasons/autumn-TM01/Real/FORLAB/06138.jpg, -0.42850399017333984, 0.0
/dataset-disk/tb_dataset/tf2k_lr/social/facebook/seasons/autumn-TM01/Real/FORLAB/06345.jpg, -0.940402090549469, 0.0
/dataset-disk/tb_dataset/tf2k_lr/social/facebook/seasons/autumn-TM01/Real/FORLAB/06370.jpg, -0.03864695876836777, 0.0
/dataset-disk/tb_dataset/tf2k_lr/social/facebook/seasons/autumn-TM01/Real/FORLAB/06646.jpg, -0.07109899073839188, 0.0
/dataset-disk/tb_dataset/tf2k_lr/social/facebook/seasons/autumn-TM01/Real/FORLAB/06739.jpg, -2.1255905628204346, 0.0
/dataset-disk/tb_dataset/tf2k_lr/social/facebook/seasons/autumn-TM01/Real/FORLAB/06793.jpg, -0.8680808544158936, 0.0
/dataset-disk/tb_dataset/tf2k_lr/social/facebook/seasons/autumn-TM01/Real/FORLAB/07104.jpg, -2.5621581077575684, 0.0
/dataset-disk/tb_dataset/tf2k_lr/social/facebook/seasons/autumn-TM01/Real/FORLAB/07110.jpg, -0.07417155057191849, 0.0
/dataset-disk/tb_dataset/tf2k_lr/social/facebook/seasons/autumn-TM01/Real/FORLAB/07153.jpg, -0.963234543800354, 0.0
/dataset-disk/tb_dataset/tf2k_lr/social/facebook/seasons/autumn-TM01/Real/FORLAB/07244.jpg, -0.003234023228287697, 0.0
/dataset-disk/tb_dataset/tf2k_lr/social/facebook/seasons/autumn-TM01/Real/FORLAB/07247.jpg, -1.4525741338729858, 0.0
/dataset-disk/tb_dataset/tf2k_lr/social/facebook/seasons/autumn-TM01/Real/FORLAB/07343.jpg, -0.08496806770563126, 0.0
/dataset-disk/tb_dataset/tf2k_lr/social/facebook/seasons/autumn-TM01/Real/FORLAB/07499.jpg, -1.1600418090820312, 0.0
/dataset-disk/tb_dataset/tf2k_lr/social/facebook/seasons/autumn-TM01/Real/FORLAB/07685.jpg, -0.6781446933746338, 0.0
/dataset-disk/tb_dataset/tf2k_lr/social/facebook/seasons/autumn-TM01/Real/FORLAB/07696.jpg, -0.6253299117088318, 0.0
/dataset-disk/tb_dataset/tf2k_lr/social/facebook/seasons/autumn-TM01/Real/FORLAB/07932.jpg, -1.443051815032959, 0.0
/dataset-disk/tb_dataset/tf2k_lr/social/facebook/seasons/autumn-TM01/Real/FORLAB/07934.jpg, -1.0242211818695068, 0.0
/dataset-disk/tb_dataset/tf2k_lr/social/facebook/seasons/autumn-TM01/Real/FORLAB/07991.jpg, -0.2640659511089325, 0.0
/dataset-disk/tb_dataset/tf2k_lr/social/facebook/seasons/autumn-TM01/Real/FORLAB/08000.jpg, -0.7711560130119324, 0.0
/dataset-disk/tb_dataset/tf2k_lr/social/facebook/seasons/autumn-TM01/Real/FORLAB/08024.jpg, -0.46280649304389954, 0.0
/dataset-disk/tb_dataset/tf2k_lr/social/facebook/seasons/autumn-TM01/Real/FORLAB/08163.jpg, 0.19550280272960663, 0.0
/dataset-disk/tb_dataset/tf2k_lr/social/facebook/seasons/autumn-TM01/Real/FORLAB/08189.jpg, -1.4757219552993774, 0.0
/dataset-disk/tb_dataset/tf2k_lr/social/facebook/seasons/autumn-TM01/Real/FORLAB/08265.jpg, -1.116244912147522, 0.0
/dataset-disk/tb_dataset/tf2k_lr/social/facebook/seasons/autumn-TM01/Real/FORLAB/08290.jpg, -0.04952773451805115, 0.0
/dataset-disk/tb_dataset/tf2k_lr/social/facebook/seasons/autumn-TM01/Real/FORLAB/08325.jpg, -0.46967074275016785, 0.0
/dataset-disk/tb_dataset/tf2k_lr/social/facebook/seasons/autumn-TM01/Real/FORLAB/08458.jpg, -1.4502521753311157, 0.0
/dataset-disk/tb_dataset/tf2k_lr/social/facebook/seasons/autumn-TM01/Real/FORLAB/08561.jpg, -0.3311959505081177, 0.0
/dataset-disk/tb_dataset/tf2k_lr/social/facebook/seasons/autumn-TM01/Real/FORLAB/08960.jpg, -0.01561664417386055, 0.0
/dataset-disk/tb_dataset/tf2k_lr/social/facebook/seasons/autumn-TM01/Real/FORLAB/08969.jpg, -0.3860793113708496, 0.0
/dataset-disk/tb_dataset/tf2k_lr/social/facebook/seasons/autumn-TM01/Real/FORLAB/09041.jpg, -1.3040663003921509, 0.0
/dataset-disk/tb_dataset/tf2k_lr/social/facebook/seasons/autumn-TM01/Real/FORLAB/09045.jpg, -0.23879483342170715, 0.0
/dataset-disk/tb_dataset/tf2k_lr/social/facebook/seasons/autumn-TM01/Real/FORLAB/09175.jpg, 0.15443019568920135, 0.0
/dataset-disk/tb_dataset/tf2k_lr/social/facebook/seasons/autumn-TM01/Real/FORLAB/09247.jpg, -1.0854183435440063, 0.0
/dataset-disk/tb_dataset/tf2k_lr/social/facebook/seasons/autumn-TM01/Real/FORLAB/09305.jpg, -0.6926177740097046, 0.0
/dataset-disk/tb_dataset/tf2k_lr/social/facebook/seasons/autumn-TM01/Real/FORLAB/09363.jpg, -0.5830922722816467, 0.0
/dataset-disk/tb_dataset/tf2k_lr/social/facebook/seasons/autumn-TM01/Real/FORLAB/09544.jpg, 0.5135048627853394, 0.0
/dataset-disk/tb_dataset/tf2k_lr/social/facebook/seasons/autumn-TM01/Real/FORLAB/09789.jpg, 0.15748517215251923, 0.0
/dataset-disk/tb_dataset/tf2k_lr/social/facebook/seasons/autumn-TM01/Real/FORLAB/09796.jpg, 0.15092124044895172, 0.0
/dataset-disk/tb_dataset/tf2k_lr/social/facebook/seasons/autumn-TM01/Real/FORLAB/09860.jpg, -2.202366352081299, 0.0
/dataset-disk/tb_dataset/tf2k_lr/social/facebook/seasons/autumn-TM01/Real/FORLAB/09902.jpg, -0.7495157718658447, 0.0
/dataset-disk/tb_dataset/tf2k_lr/social/facebook/seasons/autumn-TM01/Fake/StyleGAN/images-psi-0.5/00305.jpg, 0.03725416213274002, 1.0
/dataset-disk/tb_dataset/tf2k_lr/social/facebook/seasons/autumn-TM01/Fake/StyleGAN/images-psi-0.5/00704.jpg, 0.16878025233745575, 1.0
/dataset-disk/tb_dataset/tf2k_lr/social/facebook/seasons/autumn-TM01/Fake/StyleGAN/images-psi-0.5/00828.jpg, -0.11387316882610321, 1.0
/dataset-disk/tb_dataset/tf2k_lr/social/facebook/seasons/autumn-TM01/Fake/StyleGAN/images-psi-0.5/01195.jpg, -0.03811516612768173, 1.0
/dataset-disk/tb_dataset/tf2k_lr/social/facebook/seasons/autumn-TM01/Fake/StyleGAN/images-psi-0.5/02222.jpg, -0.30047690868377686, 1.0
/dataset-disk/tb_dataset/tf2k_lr/social/facebook/seasons/autumn-TM01/Fake/StyleGAN/images-psi-0.5/02262.jpg, 0.2954433262348175, 1.0
/dataset-disk/tb_dataset/tf2k_lr/social/facebook/seasons/autumn-TM01/Fake/StyleGAN/images-psi-0.5/02446.jpg, 0.3693403899669647, 1.0
/dataset-disk/tb_dataset/tf2k_lr/social/facebook/seasons/autumn-TM01/Fake/StyleGAN/images-psi-0.7/00078.jpg, 0.26299595832824707, 1.0
/dataset-disk/tb_dataset/tf2k_lr/social/facebook/seasons/autumn-TM01/Fake/StyleGAN/images-psi-0.7/00263.jpg, 0.03961402177810669, 1.0
/dataset-disk/tb_dataset/tf2k_lr/social/facebook/seasons/autumn-TM01/Fake/StyleGAN/images-psi-0.7/00449.jpg, 0.1272633820772171, 1.0
/dataset-disk/tb_dataset/tf2k_lr/social/facebook/seasons/autumn-TM01/Fake/StyleGAN/images-psi-0.7/00470.jpg, -0.2576385736465454, 1.0
/dataset-disk/tb_dataset/tf2k_lr/social/facebook/seasons/autumn-TM01/Fake/StyleGAN/images-psi-0.7/00527.jpg, -0.1592949479818344, 1.0
/dataset-disk/tb_dataset/tf2k_lr/social/facebook/seasons/autumn-TM01/Fake/StyleGAN/images-psi-0.7/01399.jpg, 0.13298937678337097, 1.0
/dataset-disk/tb_dataset/tf2k_lr/social/facebook/seasons/autumn-TM01/Fake/StyleGAN/images-psi-0.7/02410.jpg, -0.30909445881843567, 1.0
/dataset-disk/tb_dataset/tf2k_lr/social/facebook/seasons/autumn-TM01/Fake/StyleGAN2/conf-f-psi-0.5/00048.jpg, -0.060288771986961365, 1.0
/dataset-disk/tb_dataset/tf2k_lr/social/facebook/seasons/autumn-TM01/Fake/StyleGAN2/conf-f-psi-0.5/00077.jpg, -0.13705241680145264, 1.0
/dataset-disk/tb_dataset/tf2k_lr/social/facebook/seasons/autumn-TM01/Fake/StyleGAN2/conf-f-psi-0.5/00159.jpg, -0.0673128291964531, 1.0
/dataset-disk/tb_dataset/tf2k_lr/social/facebook/seasons/autumn-TM01/Fake/StyleGAN2/conf-f-psi-0.5/00727.jpg, 0.24638031423091888, 1.0
/dataset-disk/tb_dataset/tf2k_lr/social/facebook/seasons/autumn-TM01/Fake/StyleGAN2/conf-f-psi-0.5/00999.jpg, -0.21900223195552826, 1.0
/dataset-disk/tb_dataset/tf2k_lr/social/facebook/seasons/autumn-TM01/Fake/StyleGAN2/conf-f-psi-0.5/01005.jpg, -0.4145030379295349, 1.0
/dataset-disk/tb_dataset/tf2k_lr/social/facebook/seasons/autumn-TM01/Fake/StyleGAN2/conf-f-psi-0.5/01657.jpg, 0.2154357135295868, 1.0
/dataset-disk/tb_dataset/tf2k_lr/social/facebook/seasons/autumn-TM01/Fake/StyleGAN2/conf-f-psi-1/00074.jpg, -0.36853277683258057, 1.0
/dataset-disk/tb_dataset/tf2k_lr/social/facebook/seasons/autumn-TM01/Fake/StyleGAN2/conf-f-psi-1/00280.jpg, 0.09609758853912354, 1.0
/dataset-disk/tb_dataset/tf2k_lr/social/facebook/seasons/autumn-TM01/Fake/StyleGAN2/conf-f-psi-1/00471.jpg, -0.5014610290527344, 1.0
/dataset-disk/tb_dataset/tf2k_lr/social/facebook/seasons/autumn-TM01/Fake/StyleGAN2/conf-f-psi-1/00558.jpg, -0.15539835393428802, 1.0
/dataset-disk/tb_dataset/tf2k_lr/social/facebook/seasons/autumn-TM01/Fake/StyleGAN2/conf-f-psi-1/00686.jpg, -0.6858214735984802, 1.0
/dataset-disk/tb_dataset/tf2k_lr/social/facebook/seasons/autumn-TM01/Fake/StyleGAN2/conf-f-psi-1/01132.jpg, 0.2238878458738327, 1.0
/dataset-disk/tb_dataset/tf2k_lr/social/facebook/seasons/autumn-TM01/Fake/StyleGAN2/conf-f-psi-1/01300.jpg, -0.48767054080963135, 1.0
/dataset-disk/tb_dataset/tf2k_lr/social/facebook/seasons/autumn-TM01/Fake/StyleGAN3/conf-t-psi-0.5/00220.jpg, 0.18675395846366882, 1.0
/dataset-disk/tb_dataset/tf2k_lr/social/facebook/seasons/autumn-TM01/Fake/StyleGAN3/conf-t-psi-0.5/00760.jpg, -0.4169148802757263, 1.0
/dataset-disk/tb_dataset/tf2k_lr/social/facebook/seasons/autumn-TM01/Fake/StyleGAN3/conf-t-psi-0.5/01052.jpg, -0.19403502345085144, 1.0
/dataset-disk/tb_dataset/tf2k_lr/social/facebook/seasons/autumn-TM01/Fake/StyleGAN3/conf-t-psi-0.5/01563.jpg, -0.16830958425998688, 1.0
/dataset-disk/tb_dataset/tf2k_lr/social/facebook/seasons/autumn-TM01/Fake/StyleGAN3/conf-t-psi-0.5/02084.jpg, -0.9471105933189392, 1.0
/dataset-disk/tb_dataset/tf2k_lr/social/facebook/seasons/autumn-TM01/Fake/StyleGAN3/conf-t-psi-0.5/02288.jpg, -0.09830788522958755, 1.0
/dataset-disk/tb_dataset/tf2k_lr/social/facebook/seasons/autumn-TM01/Fake/StyleGAN3/conf-t-psi-0.5/02397.jpg, -0.18344779312610626, 1.0
/dataset-disk/tb_dataset/tf2k_lr/social/facebook/seasons/autumn-TM01/Fake/StyleGAN3/conf-t-psi-0.7/00606.jpg, -0.40377143025398254, 1.0
/dataset-disk/tb_dataset/tf2k_lr/social/facebook/seasons/autumn-TM01/Fake/StyleGAN3/conf-t-psi-0.7/00622.jpg, -0.7936698198318481, 1.0
/dataset-disk/tb_dataset/tf2k_lr/social/facebook/seasons/autumn-TM01/Fake/StyleGAN3/conf-t-psi-0.7/00720.jpg, -0.2746405005455017, 1.0
/dataset-disk/tb_dataset/tf2k_lr/social/facebook/seasons/autumn-TM01/Fake/StyleGAN3/conf-t-psi-0.7/01651.jpg, -0.022615982219576836, 1.0
/dataset-disk/tb_dataset/tf2k_lr/social/facebook/seasons/autumn-TM01/Fake/StyleGAN3/conf-t-psi-0.7/01730.jpg, -0.2801438570022583, 1.0
/dataset-disk/tb_dataset/tf2k_lr/social/facebook/seasons/autumn-TM01/Fake/StyleGAN3/conf-t-psi-0.7/02179.jpg, -0.5830132365226746, 1.0
/dataset-disk/tb_dataset/tf2k_lr/social/facebook/seasons/autumn-TM01/Fake/StyleGAN3/conf-t-psi-0.7/02386.jpg, -0.8771355748176575, 1.0
/dataset-disk/tb_dataset/tf2k_lr/social/facebook/seasons/autumn-TM01/Fake/StableDiffusion1.5/faces/00172.jpg, 0.805321455001831, 1.0
/dataset-disk/tb_dataset/tf2k_lr/social/facebook/seasons/autumn-TM01/Fake/StableDiffusion1.5/faces/00297.jpg, 0.5143281817436218, 1.0
/dataset-disk/tb_dataset/tf2k_lr/social/facebook/seasons/autumn-TM01/Fake/StableDiffusion1.5/faces/00433.jpg, 0.5822033286094666, 1.0
/dataset-disk/tb_dataset/tf2k_lr/social/facebook/seasons/autumn-TM01/Fake/StableDiffusion1.5/faces/00791.jpg, 1.221323847770691, 1.0
/dataset-disk/tb_dataset/tf2k_lr/social/facebook/seasons/autumn-TM01/Fake/StableDiffusion1.5/faces/00835.jpg, 1.3043667078018188, 1.0
/dataset-disk/tb_dataset/tf2k_lr/social/facebook/seasons/autumn-TM01/Fake/StableDiffusion1.5/faces/00954.jpg, 0.2713637351989746, 1.0
/dataset-disk/tb_dataset/tf2k_lr/social/facebook/seasons/autumn-TM01/Fake/StableDiffusion1.5/faces/01122.jpg, 0.8458797931671143, 1.0
/dataset-disk/tb_dataset/tf2k_lr/social/facebook/seasons/autumn-TM01/Fake/StableDiffusion1.5/general/00230.jpg, 0.49455249309539795, 1.0
/dataset-disk/tb_dataset/tf2k_lr/social/facebook/seasons/autumn-TM01/Fake/StableDiffusion1.5/general/00339.jpg, 0.017588993534445763, 1.0
/dataset-disk/tb_dataset/tf2k_lr/social/facebook/seasons/autumn-TM01/Fake/StableDiffusion1.5/general/00663.jpg, 1.0332454442977905, 1.0
/dataset-disk/tb_dataset/tf2k_lr/social/facebook/seasons/autumn-TM01/Fake/StableDiffusion1.5/general/00832.jpg, -0.1751014143228531, 1.0
/dataset-disk/tb_dataset/tf2k_lr/social/facebook/seasons/autumn-TM01/Fake/StableDiffusion1.5/general/00844.jpg, 0.387948215007782, 1.0
/dataset-disk/tb_dataset/tf2k_lr/social/facebook/seasons/autumn-TM01/Fake/StableDiffusion1.5/general/00905.jpg, 0.482674777507782, 1.0
/dataset-disk/tb_dataset/tf2k_lr/social/facebook/seasons/autumn-TM01/Fake/StableDiffusion1.5/general/01151.jpg, 0.3038650155067444, 1.0
/dataset-disk/tb_dataset/tf2k_lr/social/facebook/seasons/autumn-TM01/Fake/StableDiffusion1.5/landscapes/00041.jpg, 0.9415473937988281, 1.0
/dataset-disk/tb_dataset/tf2k_lr/social/facebook/seasons/autumn-TM01/Fake/StableDiffusion1.5/landscapes/00169.jpg, 2.239028215408325, 1.0
/dataset-disk/tb_dataset/tf2k_lr/social/facebook/seasons/autumn-TM01/Fake/StableDiffusion1.5/landscapes/00813.jpg, 0.8867812156677246, 1.0
/dataset-disk/tb_dataset/tf2k_lr/social/facebook/seasons/autumn-TM01/Fake/StableDiffusion1.5/landscapes/00839.jpg, 1.2966657876968384, 1.0
/dataset-disk/tb_dataset/tf2k_lr/social/facebook/seasons/autumn-TM01/Fake/StableDiffusion1.5/landscapes/00921.jpg, 1.592466950416565, 1.0
/dataset-disk/tb_dataset/tf2k_lr/social/facebook/seasons/autumn-TM01/Fake/StableDiffusion1.5/landscapes/01092.jpg, 1.635433554649353, 1.0
/dataset-disk/tb_dataset/tf2k_lr/social/facebook/seasons/autumn-TM01/Fake/StableDiffusion1.5/landscapes/01096.jpg, 1.4998862743377686, 1.0
/dataset-disk/tb_dataset/tf2k_lr/social/facebook/seasons/autumn-TM01/Fake/StableDiffusion1.5/animals/00289.jpg, 0.9779118299484253, 1.0
/dataset-disk/tb_dataset/tf2k_lr/social/facebook/seasons/autumn-TM01/Fake/StableDiffusion1.5/animals/00349.jpg, 1.4312046766281128, 1.0
/dataset-disk/tb_dataset/tf2k_lr/social/facebook/seasons/autumn-TM01/Fake/StableDiffusion1.5/animals/00465.jpg, 0.7783513069152832, 1.0
/dataset-disk/tb_dataset/tf2k_lr/social/facebook/seasons/autumn-TM01/Fake/StableDiffusion1.5/animals/00639.jpg, 0.6414405107498169, 1.0
/dataset-disk/tb_dataset/tf2k_lr/social/facebook/seasons/autumn-TM01/Fake/StableDiffusion1.5/animals/00907.jpg, 0.7484069466590881, 1.0
/dataset-disk/tb_dataset/tf2k_lr/social/facebook/seasons/autumn-TM01/Fake/StableDiffusion1.5/animals/00987.jpg, 1.34661865234375, 1.0
/dataset-disk/tb_dataset/tf2k_lr/social/facebook/seasons/autumn-TM01/Fake/StableDiffusion1.5/animals/01141.jpg, 0.7765172719955444, 1.0
/dataset-disk/tb_dataset/tf2k_lr/social/facebook/seasons/autumn-TM01/Fake/StableDiffusion2/faces/00037.jpg, -0.08660610020160675, 1.0
/dataset-disk/tb_dataset/tf2k_lr/social/facebook/seasons/autumn-TM01/Fake/StableDiffusion2/faces/00051.jpg, 1.431756854057312, 1.0
/dataset-disk/tb_dataset/tf2k_lr/social/facebook/seasons/autumn-TM01/Fake/StableDiffusion2/faces/00101.jpg, 0.5114980936050415, 1.0
/dataset-disk/tb_dataset/tf2k_lr/social/facebook/seasons/autumn-TM01/Fake/StableDiffusion2/faces/00406.jpg, 1.4092508554458618, 1.0
/dataset-disk/tb_dataset/tf2k_lr/social/facebook/seasons/autumn-TM01/Fake/StableDiffusion2/faces/00479.jpg, 0.39408743381500244, 1.0
/dataset-disk/tb_dataset/tf2k_lr/social/facebook/seasons/autumn-TM01/Fake/StableDiffusion2/faces/00636.jpg, 0.9067842364311218, 1.0
/dataset-disk/tb_dataset/tf2k_lr/social/facebook/seasons/autumn-TM01/Fake/StableDiffusion2/faces/00890.jpg, 0.3260641396045685, 1.0
/dataset-disk/tb_dataset/tf2k_lr/social/facebook/seasons/autumn-TM01/Fake/StableDiffusion2/general/00142.jpg, 0.5969852209091187, 1.0
/dataset-disk/tb_dataset/tf2k_lr/social/facebook/seasons/autumn-TM01/Fake/StableDiffusion2/general/00382.jpg, 0.31799033284187317, 1.0
/dataset-disk/tb_dataset/tf2k_lr/social/facebook/seasons/autumn-TM01/Fake/StableDiffusion2/general/00468.jpg, 0.6408570408821106, 1.0
/dataset-disk/tb_dataset/tf2k_lr/social/facebook/seasons/autumn-TM01/Fake/StableDiffusion2/general/00502.jpg, 0.9014625549316406, 1.0
/dataset-disk/tb_dataset/tf2k_lr/social/facebook/seasons/autumn-TM01/Fake/StableDiffusion2/general/00760.jpg, 2.4621737003326416, 1.0
/dataset-disk/tb_dataset/tf2k_lr/social/facebook/seasons/autumn-TM01/Fake/StableDiffusion2/general/00863.jpg, 1.2178958654403687, 1.0
/dataset-disk/tb_dataset/tf2k_lr/social/facebook/seasons/autumn-TM01/Fake/StableDiffusion2/general/00936.jpg, 0.157390296459198, 1.0
/dataset-disk/tb_dataset/tf2k_lr/social/facebook/seasons/autumn-TM01/Fake/StableDiffusion2/landscapes/00211.jpg, 3.9305901527404785, 1.0
/dataset-disk/tb_dataset/tf2k_lr/social/facebook/seasons/autumn-TM01/Fake/StableDiffusion2/landscapes/00588.jpg, 0.31164127588272095, 1.0
/dataset-disk/tb_dataset/tf2k_lr/social/facebook/seasons/autumn-TM01/Fake/StableDiffusion2/landscapes/00700.jpg, -1.0369176864624023, 1.0
/dataset-disk/tb_dataset/tf2k_lr/social/facebook/seasons/autumn-TM01/Fake/StableDiffusion2/landscapes/00854.jpg, 0.9605171084403992, 1.0
/dataset-disk/tb_dataset/tf2k_lr/social/facebook/seasons/autumn-TM01/Fake/StableDiffusion2/landscapes/00862.jpg, 3.08966326713562, 1.0
/dataset-disk/tb_dataset/tf2k_lr/social/facebook/seasons/autumn-TM01/Fake/StableDiffusion2/landscapes/00901.jpg, 1.7392019033432007, 1.0
/dataset-disk/tb_dataset/tf2k_lr/social/facebook/seasons/autumn-TM01/Fake/StableDiffusion2/landscapes/00996.jpg, 2.3017051219940186, 1.0
/dataset-disk/tb_dataset/tf2k_lr/social/facebook/seasons/autumn-TM01/Fake/StableDiffusion2/animals/00165.jpg, 1.3037298917770386, 1.0
/dataset-disk/tb_dataset/tf2k_lr/social/facebook/seasons/autumn-TM01/Fake/StableDiffusion2/animals/00184.jpg, 0.9598538875579834, 1.0
/dataset-disk/tb_dataset/tf2k_lr/social/facebook/seasons/autumn-TM01/Fake/StableDiffusion2/animals/00521.jpg, 0.5668199062347412, 1.0
/dataset-disk/tb_dataset/tf2k_lr/social/facebook/seasons/autumn-TM01/Fake/StableDiffusion2/animals/00741.jpg, 1.3646953105926514, 1.0
/dataset-disk/tb_dataset/tf2k_lr/social/facebook/seasons/autumn-TM01/Fake/StableDiffusion2/animals/00968.jpg, 1.9897476434707642, 1.0
/dataset-disk/tb_dataset/tf2k_lr/social/facebook/seasons/autumn-TM01/Fake/StableDiffusion2/animals/00984.jpg, 1.730016827583313, 1.0
/dataset-disk/tb_dataset/tf2k_lr/social/facebook/seasons/autumn-TM01/Fake/StableDiffusion2/animals/01176.jpg, 0.431182324886322, 1.0
/dataset-disk/tb_dataset/tf2k_lr/social/facebook/seasons/autumn-TM01/Fake/StableDiffusion3/faces/00001.jpg, 0.8436961770057678, 1.0
/dataset-disk/tb_dataset/tf2k_lr/social/facebook/seasons/autumn-TM01/Fake/StableDiffusion3/faces/00277.jpg, 0.9783935546875, 1.0
/dataset-disk/tb_dataset/tf2k_lr/social/facebook/seasons/autumn-TM01/Fake/StableDiffusion3/faces/00295.jpg, -0.5412904024124146, 1.0
/dataset-disk/tb_dataset/tf2k_lr/social/facebook/seasons/autumn-TM01/Fake/StableDiffusion3/faces/00664.jpg, 1.0933927297592163, 1.0
/dataset-disk/tb_dataset/tf2k_lr/social/facebook/seasons/autumn-TM01/Fake/StableDiffusion3/faces/00848.jpg, 0.02465091645717621, 1.0
/dataset-disk/tb_dataset/tf2k_lr/social/facebook/seasons/autumn-TM01/Fake/StableDiffusion3/faces/01011.jpg, 0.08191009610891342, 1.0
/dataset-disk/tb_dataset/tf2k_lr/social/facebook/seasons/autumn-TM01/Fake/StableDiffusion3/faces/01017.jpg, -0.29303568601608276, 1.0
/dataset-disk/tb_dataset/tf2k_lr/social/facebook/seasons/autumn-TM01/Fake/StableDiffusion3/general/00119.jpg, 0.09121700376272202, 1.0
/dataset-disk/tb_dataset/tf2k_lr/social/facebook/seasons/autumn-TM01/Fake/StableDiffusion3/general/00175.jpg, -0.32660794258117676, 1.0
/dataset-disk/tb_dataset/tf2k_lr/social/facebook/seasons/autumn-TM01/Fake/StableDiffusion3/general/00297.jpg, -0.026711756363511086, 1.0
/dataset-disk/tb_dataset/tf2k_lr/social/facebook/seasons/autumn-TM01/Fake/StableDiffusion3/general/00718.jpg, 0.7752374410629272, 1.0
/dataset-disk/tb_dataset/tf2k_lr/social/facebook/seasons/autumn-TM01/Fake/StableDiffusion3/general/00865.jpg, 1.9197452068328857, 1.0
/dataset-disk/tb_dataset/tf2k_lr/social/facebook/seasons/autumn-TM01/Fake/StableDiffusion3/general/00938.jpg, 1.1979327201843262, 1.0
/dataset-disk/tb_dataset/tf2k_lr/social/facebook/seasons/autumn-TM01/Fake/StableDiffusion3/general/01062.jpg, 0.7043274641036987, 1.0
/dataset-disk/tb_dataset/tf2k_lr/social/facebook/seasons/autumn-TM01/Fake/StableDiffusion3/landscapes/00216.jpg, 0.9832251667976379, 1.0
/dataset-disk/tb_dataset/tf2k_lr/social/facebook/seasons/autumn-TM01/Fake/StableDiffusion3/landscapes/00433.jpg, 0.8931804895401001, 1.0
/dataset-disk/tb_dataset/tf2k_lr/social/facebook/seasons/autumn-TM01/Fake/StableDiffusion3/landscapes/00446.jpg, 0.8170629739761353, 1.0
/dataset-disk/tb_dataset/tf2k_lr/social/facebook/seasons/autumn-TM01/Fake/StableDiffusion3/landscapes/00470.jpg, 2.181147813796997, 1.0
/dataset-disk/tb_dataset/tf2k_lr/social/facebook/seasons/autumn-TM01/Fake/StableDiffusion3/landscapes/00595.jpg, 0.7766571640968323, 1.0
/dataset-disk/tb_dataset/tf2k_lr/social/facebook/seasons/autumn-TM01/Fake/StableDiffusion3/landscapes/00747.jpg, 0.7738217115402222, 1.0
/dataset-disk/tb_dataset/tf2k_lr/social/facebook/seasons/autumn-TM01/Fake/StableDiffusion3/landscapes/01236.jpg, 0.23952698707580566, 1.0
/dataset-disk/tb_dataset/tf2k_lr/social/facebook/seasons/autumn-TM01/Fake/StableDiffusion3/animals/00021.jpg, 0.8265190124511719, 1.0
/dataset-disk/tb_dataset/tf2k_lr/social/facebook/seasons/autumn-TM01/Fake/StableDiffusion3/animals/00483.jpg, 0.33109360933303833, 1.0
/dataset-disk/tb_dataset/tf2k_lr/social/facebook/seasons/autumn-TM01/Fake/StableDiffusion3/animals/00672.jpg, 0.8776447772979736, 1.0
/dataset-disk/tb_dataset/tf2k_lr/social/facebook/seasons/autumn-TM01/Fake/StableDiffusion3/animals/00844.jpg, 1.0003856420516968, 1.0
/dataset-disk/tb_dataset/tf2k_lr/social/facebook/seasons/autumn-TM01/Fake/StableDiffusion3/animals/00999.jpg, 0.9185341596603394, 1.0
/dataset-disk/tb_dataset/tf2k_lr/social/facebook/seasons/autumn-TM01/Fake/StableDiffusion3/animals/01012.jpg, 0.39840880036354065, 1.0
/dataset-disk/tb_dataset/tf2k_lr/social/facebook/seasons/autumn-TM01/Fake/StableDiffusion3/animals/01013.jpg, 0.3640179932117462, 1.0
/dataset-disk/tb_dataset/tf2k_lr/social/facebook/seasons/autumn-TM01/Fake/StableDiffusionXL/faces/00083.jpg, 1.396834135055542, 1.0
/dataset-disk/tb_dataset/tf2k_lr/social/facebook/seasons/autumn-TM01/Fake/StableDiffusionXL/faces/00171.jpg, 2.3863770961761475, 1.0
/dataset-disk/tb_dataset/tf2k_lr/social/facebook/seasons/autumn-TM01/Fake/StableDiffusionXL/faces/00229.jpg, 0.9549736976623535, 1.0
/dataset-disk/tb_dataset/tf2k_lr/social/facebook/seasons/autumn-TM01/Fake/StableDiffusionXL/faces/00437.jpg, 2.100496768951416, 1.0
/dataset-disk/tb_dataset/tf2k_lr/social/facebook/seasons/autumn-TM01/Fake/StableDiffusionXL/faces/00844.jpg, 1.892919659614563, 1.0
/dataset-disk/tb_dataset/tf2k_lr/social/facebook/seasons/autumn-TM01/Fake/StableDiffusionXL/faces/00925.jpg, 1.0240248441696167, 1.0
/dataset-disk/tb_dataset/tf2k_lr/social/facebook/seasons/autumn-TM01/Fake/StableDiffusionXL/faces/00988.jpg, 2.0056166648864746, 1.0
/dataset-disk/tb_dataset/tf2k_lr/social/facebook/seasons/autumn-TM01/Fake/StableDiffusionXL/general/00014.jpg, 1.9129141569137573, 1.0
/dataset-disk/tb_dataset/tf2k_lr/social/facebook/seasons/autumn-TM01/Fake/StableDiffusionXL/general/00219.jpg, 1.4333668947219849, 1.0
/dataset-disk/tb_dataset/tf2k_lr/social/facebook/seasons/autumn-TM01/Fake/StableDiffusionXL/general/00311.jpg, 1.854729413986206, 1.0
/dataset-disk/tb_dataset/tf2k_lr/social/facebook/seasons/autumn-TM01/Fake/StableDiffusionXL/general/00606.jpg, 2.037759304046631, 1.0
/dataset-disk/tb_dataset/tf2k_lr/social/facebook/seasons/autumn-TM01/Fake/StableDiffusionXL/general/00625.jpg, 2.683643102645874, 1.0
/dataset-disk/tb_dataset/tf2k_lr/social/facebook/seasons/autumn-TM01/Fake/StableDiffusionXL/general/01005.jpg, 1.7596720457077026, 1.0
/dataset-disk/tb_dataset/tf2k_lr/social/facebook/seasons/autumn-TM01/Fake/StableDiffusionXL/general/01074.jpg, 1.5045812129974365, 1.0
/dataset-disk/tb_dataset/tf2k_lr/social/facebook/seasons/autumn-TM01/Fake/StableDiffusionXL/landscapes/00244.jpg, 3.067946434020996, 1.0
/dataset-disk/tb_dataset/tf2k_lr/social/facebook/seasons/autumn-TM01/Fake/StableDiffusionXL/landscapes/00402.jpg, 1.682753086090088, 1.0
/dataset-disk/tb_dataset/tf2k_lr/social/facebook/seasons/autumn-TM01/Fake/StableDiffusionXL/landscapes/00798.jpg, 1.4877256155014038, 1.0
/dataset-disk/tb_dataset/tf2k_lr/social/facebook/seasons/autumn-TM01/Fake/StableDiffusionXL/landscapes/00884.jpg, 2.9505913257598877, 1.0
/dataset-disk/tb_dataset/tf2k_lr/social/facebook/seasons/autumn-TM01/Fake/StableDiffusionXL/landscapes/00998.jpg, 2.7513158321380615, 1.0
/dataset-disk/tb_dataset/tf2k_lr/social/facebook/seasons/autumn-TM01/Fake/StableDiffusionXL/landscapes/01065.jpg, 3.190927743911743, 1.0
/dataset-disk/tb_dataset/tf2k_lr/social/facebook/seasons/autumn-TM01/Fake/StableDiffusionXL/landscapes/01114.jpg, 3.3893258571624756, 1.0
/dataset-disk/tb_dataset/tf2k_lr/social/facebook/seasons/autumn-TM01/Fake/StableDiffusionXL/animals/00017.jpg, 1.758607029914856, 1.0
/dataset-disk/tb_dataset/tf2k_lr/social/facebook/seasons/autumn-TM01/Fake/StableDiffusionXL/animals/00388.jpg, 1.9609712362289429, 1.0
/dataset-disk/tb_dataset/tf2k_lr/social/facebook/seasons/autumn-TM01/Fake/StableDiffusionXL/animals/00453.jpg, 1.6554628610610962, 1.0
/dataset-disk/tb_dataset/tf2k_lr/social/facebook/seasons/autumn-TM01/Fake/StableDiffusionXL/animals/00487.jpg, 1.8994529247283936, 1.0
/dataset-disk/tb_dataset/tf2k_lr/social/facebook/seasons/autumn-TM01/Fake/StableDiffusionXL/animals/00539.jpg, 1.8743922710418701, 1.0
/dataset-disk/tb_dataset/tf2k_lr/social/facebook/seasons/autumn-TM01/Fake/StableDiffusionXL/animals/00743.jpg, 1.8164714574813843, 1.0
/dataset-disk/tb_dataset/tf2k_lr/social/facebook/seasons/autumn-TM01/Fake/StableDiffusionXL/animals/01221.jpg, 2.135617733001709, 1.0
/dataset-disk/tb_dataset/tf2k_lr/social/facebook/seasons/autumn-TM01/Fake/FLUX.1/faces/00164.jpg, 0.9055606126785278, 1.0
/dataset-disk/tb_dataset/tf2k_lr/social/facebook/seasons/autumn-TM01/Fake/FLUX.1/faces/00289.jpg, 0.02138412743806839, 1.0
/dataset-disk/tb_dataset/tf2k_lr/social/facebook/seasons/autumn-TM01/Fake/FLUX.1/faces/00372.jpg, 0.9777507185935974, 1.0
/dataset-disk/tb_dataset/tf2k_lr/social/facebook/seasons/autumn-TM01/Fake/FLUX.1/faces/00375.jpg, 1.4022469520568848, 1.0
/dataset-disk/tb_dataset/tf2k_lr/social/facebook/seasons/autumn-TM01/Fake/FLUX.1/faces/00394.jpg, 0.3943607807159424, 1.0
/dataset-disk/tb_dataset/tf2k_lr/social/facebook/seasons/autumn-TM01/Fake/FLUX.1/faces/01025.jpg, 1.557257056236267, 1.0
/dataset-disk/tb_dataset/tf2k_lr/social/facebook/seasons/autumn-TM01/Fake/FLUX.1/faces/01200.jpg, 1.6326478719711304, 1.0
/dataset-disk/tb_dataset/tf2k_lr/social/facebook/seasons/autumn-TM01/Fake/FLUX.1/general/00126.jpg, 0.1998445838689804, 1.0
/dataset-disk/tb_dataset/tf2k_lr/social/facebook/seasons/autumn-TM01/Fake/FLUX.1/general/00187.jpg, 1.4667593240737915, 1.0
/dataset-disk/tb_dataset/tf2k_lr/social/facebook/seasons/autumn-TM01/Fake/FLUX.1/general/00592.jpg, 1.5593880414962769, 1.0
/dataset-disk/tb_dataset/tf2k_lr/social/facebook/seasons/autumn-TM01/Fake/FLUX.1/general/00630.jpg, 0.7503867745399475, 1.0
/dataset-disk/tb_dataset/tf2k_lr/social/facebook/seasons/autumn-TM01/Fake/FLUX.1/general/00989.jpg, 1.5869786739349365, 1.0
/dataset-disk/tb_dataset/tf2k_lr/social/facebook/seasons/autumn-TM01/Fake/FLUX.1/general/01112.jpg, 1.276570439338684, 1.0
/dataset-disk/tb_dataset/tf2k_lr/social/facebook/seasons/autumn-TM01/Fake/FLUX.1/general/01193.jpg, 1.6779247522354126, 1.0
/dataset-disk/tb_dataset/tf2k_lr/social/facebook/seasons/autumn-TM01/Fake/FLUX.1/landscapes/00208.jpg, 2.469935655593872, 1.0
/dataset-disk/tb_dataset/tf2k_lr/social/facebook/seasons/autumn-TM01/Fake/FLUX.1/landscapes/00448.jpg, 2.4273369312286377, 1.0
/dataset-disk/tb_dataset/tf2k_lr/social/facebook/seasons/autumn-TM01/Fake/FLUX.1/landscapes/00465.jpg, 2.2702410221099854, 1.0
/dataset-disk/tb_dataset/tf2k_lr/social/facebook/seasons/autumn-TM01/Fake/FLUX.1/landscapes/00541.jpg, 3.063673257827759, 1.0
/dataset-disk/tb_dataset/tf2k_lr/social/facebook/seasons/autumn-TM01/Fake/FLUX.1/landscapes/00556.jpg, 2.445603370666504, 1.0
/dataset-disk/tb_dataset/tf2k_lr/social/facebook/seasons/autumn-TM01/Fake/FLUX.1/landscapes/00911.jpg, 1.3387483358383179, 1.0
/dataset-disk/tb_dataset/tf2k_lr/social/facebook/seasons/autumn-TM01/Fake/FLUX.1/landscapes/01219.jpg, 3.4444501399993896, 1.0
/dataset-disk/tb_dataset/tf2k_lr/social/facebook/seasons/autumn-TM01/Fake/FLUX.1/animals/00036.jpg, 1.4740219116210938, 1.0
/dataset-disk/tb_dataset/tf2k_lr/social/facebook/seasons/autumn-TM01/Fake/FLUX.1/animals/00161.jpg, 0.9640427231788635, 1.0
/dataset-disk/tb_dataset/tf2k_lr/social/facebook/seasons/autumn-TM01/Fake/FLUX.1/animals/00246.jpg, 1.4086496829986572, 1.0
/dataset-disk/tb_dataset/tf2k_lr/social/facebook/seasons/autumn-TM01/Fake/FLUX.1/animals/00336.jpg, 0.8366798162460327, 1.0
/dataset-disk/tb_dataset/tf2k_lr/social/facebook/seasons/autumn-TM01/Fake/FLUX.1/animals/00377.jpg, 1.2895095348358154, 1.0
/dataset-disk/tb_dataset/tf2k_lr/social/facebook/seasons/autumn-TM01/Fake/FLUX.1/animals/00408.jpg, 1.9317302703857422, 1.0
/dataset-disk/tb_dataset/tf2k_lr/social/facebook/seasons/autumn-TM01/Fake/FLUX.1/animals/01056.jpg, 0.5751402378082275, 1.0
